clean_name,clean_artists,hit,split
atdodies man,"[""linga""]",0,train
big wheel,"[""mental as anything""]",0,test
chitarratella,"[""carlo buti""]",0,train
coisas que a vida ensina,"[""josé augusto""]",0,test
coração materno,"[""vicente celestino""]",0,test
cousin mary,"[""archie shepp""]",0,train
diez mil porqués,"[""beret""]",0,train
dito sa puso ko,"[""jaya""]",0,train
elämän ohjat,"[""martti servo & napander""]",0,train
enseñame a olvidar,"[""banda el recodo""]",0,train
ferma a guardare,"[""ernia""]",0,train
forever you and me,"[""the teskey brothers""]",0,test
fteo,"[""anna vissi""]",0,train
gillar din vibe,"[""syster sol""]",0,val
here comes the flood,"[""peter gabriel""]",0,train
het ballonnenvrouwtje,"[""het ballonnenvrouwtje""]",0,train
hoochie coochie man,"[""the jeff healey band""]",0,train
i should care,"[""mel tormé""]",0,train
illégal,"[""corbeau""]",0,test
ingrid blir bjuden på vårbal,"[""pelle svanslös""]",0,train
jil jil rani,"[""jikki""]",0,train
la manifestation,"[""les cowboys fringants""]",0,train
last dance,"[""air""]",0,train
lost love,"[""fats waller""]",0,train
love & devotion,"[""real mccoy""]",0,train
maha durga kavacham,"[""anuradha paudwal""]",0,train
massage situation,"[""flying lotus""]",0,train
moja pierwsza dziewczyna,"[""pokój z widokiem na wojnę""]",0,train
oriel window - 2008 remaster,"[""enya""]",0,train
our darkness,"[""anne clark""]",0,train
pobre corazón,"[""onda sabanera""]",0,train
pra sempre,"[""thiago grulha""]",0,train
puta,"[""ena pá 2000""]",0,train
running back to you,"[""commissioned""]",0,test
se me esta yendo tu cariño,"[""h2o""]",0,train
serotonia,"[""highly suspect""]",0,val
señor amor,"[""dulce""]",0,train
showbizz suite - 2006 remastered version,"[""marc moulin""]",0,train
taas kaikki kauniit muistot - all beautiful memories,"[""sulo saarits""]",0,val
te dejo libre,"[""agua bella""]",0,val
territoire hostile,"[""sans pression""]",0,train
this little girl of mine,"[""ray charles""]",0,train
tu al centro del mio cuore,"[""figli del divino amore""]",0,val
twin soliloquies,"[""richard rodgers""]",0,train
under your sky,"[""globe""]",0,train
viagem na palma da mão,"[""jorge palma""]",0,train
waiting for the axe to fall,"[""gil scott-heron""]",0,train
willow grove - alternate take,"[""bud powell""]",0,train
woo hah!! got you all in check,"[""busta rhymes""]",0,train
yo sin ti,"[""jambao""]",0,train
4 da gang,"[""42 dugg"",""roddy ricch""]",1,test
almost maybes,"[""jordan davis""]",1,val
arcade,"[""duncan laurence""]",1,train
astronaut in the ocean,"[""masked wolf""]",1,test
back in blood,"[""pooh shiesty"",""lil durk""]",1,train
beautiful mistakes,"[""maroon 5"",""megan thee stallion""]",1,test
best friend,"[""saweetie"",""doja cat""]",1,test
big gangsta,"[""kevin gates""]",1,val
blinding lights,"[""the weeknd""]",1,train
breaking up was easy in the 90s,"[""sam hunt""]",1,train
calling my phone,"[""lil tjay"",""6lack""]",1,test
chasing after you,"[""ryan hurd"",""maren morris""]",1,train
deja vu,"[""olivia rodrigo""]",1,train
down to one,"[""luke bryan""]",1,train
drankin n smokin,"[""future"",""lil uzi vert""]",1,test
drivers license,"[""olivia rodrigo""]",1,test
drunk and i dont wanna go home,"[""elle king"",""miranda lambert""]",1,train
follow you,"[""imagine dragons""]",1,val
forever after all,"[""luke combs""]",1,train
gone,"[""dierks bentley""]",1,test
good days,"[""sza""]",1,test
goosebumps,"[""travis scott"",""hvme""]",1,val
hard for the next,"[""moneybagg yo"",""future""]",1,train
heartbreak anniversary,"[""giveon""]",1,test
heat waves,"[""glass animals""]",1,train
hell of a view,"[""eric church""]",1,val
hello,"[""pop smoke"",""a boogie wit da hoodie""]",1,val
hold on,"[""justin bieber""]",1,val
kiss me more,"[""doja cat"",""sza""]",1,train
lady,"[""brett young""]",1,train
levitating,"[""dua lipa"",""dababy""]",1,train
lil bit,"[""nelly"",""florida georgia line""]",1,train
made for you,"[""jake owen""]",1,train
minimum wage,"[""blake shelton""]",1,val
montero call me by your name,"[""lil nas x""]",1,train
mood,"[""24kgoldn"",""iann dior""]",1,val
no more parties,"[""coi leray"",""lil durk""]",1,val
nobody,"[""dylan scott""]",1,train
on me,"[""lil baby""]",1,test
peaches,"[""justin bieber"",""daniel caesar"",""giveon""]",1,train
pick up your feelings,"[""jazmine sullivan""]",1,test
positions,"[""ariana grande""]",1,test
pov,"[""ariana grande""]",1,val
rapstar,"[""polo g""]",1,train
richer,"[""rod wave"",""polo g""]",1,train
settling down,"[""miranda lambert""]",1,test
single saturday night,"[""cole swindell""]",1,train
street runner,"[""rod wave""]",1,train
streets,"[""doja cat""]",1,val
the good ones,"[""gabby barrett""]",1,test
therefore i am,"[""billie eilish""]",1,train
time today,"[""moneybagg yo""]",1,test
tombstone,"[""rod wave""]",1,train
track star,"[""mooski""]",1,val
up,"[""cardi b""]",1,val
wants and needs,"[""drake"",""lil baby""]",1,train
way less sad,"[""ajr""]",1,train
were good,"[""dua lipa""]",1,test
what you know bout love,"[""pop smoke""]",1,train
whats next,"[""drake""]",1,test
whats your country song,"[""thomas rhett""]",1,val
without you,"[""the kid laroi""]",1,train
you broke me first,"[""tate mcrae""]",1,test
youre mines still,"[""yung bleu"",""drake""]",1,test
...and then i kissed him,"[""hans zimmer""]",0,train
a mansion on the hill,"[""hank williams""]",0,train
at the cross,"[""hillsong worship""]",0,train
beech bhanwar mein,"[""suraiya""]",0,train
búscame,"[""ross""]",0,train
como río en primavera,"[""marcela gandara""]",0,val
de ginetai,"[""elli kokkinou""]",0,train
din för alltid,"[""wizex""]",0,train
drag,"[""hellbillies""]",0,train
duel,"[""propaganda""]",0,train
fastelavn er mit navn,"[""lars stryg band""]",0,train
filho adotivo,"[""joão mineiro & marciano""]",0,train
fire,"[""arthur brown""]",0,test
god save the czar,"[""j.m.k.e.""]",0,val
gur nanak jin suneya pekheya,"[""bhai gopal singh ragi""]",0,train
heaven - single version,"[""richie campbell""]",0,train
honky tonk - stereo,"[""the ventures""]",0,test
inbjudan till bohuslän,"[""stefan borsch""]",0,train
it might be you,"[""kai""]",0,test
kiri,"[""monoral""]",0,train
kuiskaten - whispering,"[""annikki tähti""]",0,test
last to know - remastered 2012 version,"[""blue rodeo""]",0,test
let it be me - live,"[""elvis presley""]",0,train
leukste van het land,"[""k3""]",0,val
lo mio es el rock,"[""gonzalo paz""]",0,train
looking through the eyes of love,"[""marco sison""]",0,train
love me like i love you,"[""toini & the tomcats""]",0,train
love song of year 3000,"[""chuxiao""]",0,train
læt þau dreyma,"[""vinir vors & blóma""]",0,test
nain khoye khoye tere dil mein,"[""lata mangeshkar""]",0,val
olvidemonos,"[""rocío dúrcal""]",0,train
ondabazabantu,"[""dalom kids""]",0,test
our own way,"[""decreto 77""]",0,train
prefiero,"[""ha*ash""]",0,val
que cocine caridad,"[""tito rodriguez""]",0,test
que vale mas,"[""marino""]",0,test
reflect the storm,"[""in flames""]",0,val
relincho,"[""santiago chalar""]",0,test
skinhead,"[""the skinflicks""]",0,test
sommar i sverige,"[""joyride""]",0,train
sweet leaf,"[""black sabbath""]",0,test
te beso,"[""amén""]",0,test
vafan,"[""carl deman""]",0,train
vecnost,"[""no name""]",0,train
when you know,"[""puggy""]",0,test
wie ein alpha,"[""kollegah""]",0,train
ya me enteré,"[""antonio cartagena""]",0,train
ya vives en mí,"[""fidel rueda""]",0,train
yeh hawayen salaam kahti hain,"[""amirbai karnataki""]",0,test
çalsam bir gün kapını,"[""turgay merih""]",0,train
things a man oughta know,"[""lainey wilson""]",1,train
wasted on you,"[""morgan wallen""]",1,test
all i have,"[""armi ja danny""]",0,train
all you had to do was stay,"[""taylor swift""]",0,val
amacala,"[""siphokazi""]",0,test
aman tertip can tertip,"[""ersen ve dadaşlar""]",0,train
apla mousiki,"[""terror x crew""]",0,test
black widow - 2012 remaster,"[""loudness""]",0,test
capítulo 2.8 - corto viaje a casa,"[""f. scott fitzgerald""]",0,train
capítulo 8.17 - por senderos que la maleza oculta,"[""knut hamsun""]",0,train
da feelin,"[""nightmares on wax""]",0,val
das lied der schlümpfe,"[""vader abraham""]",0,test
dernière journée en mer,"[""matmatah""]",0,test
det va då,"[""perkele""]",0,test
dudas,"[""los cadiz""]",0,val
el salvador,"[""dezerter""]",0,train
elokuun 11. - 2001 digital remaster,"[""suurlähettiläät""]",0,test
hatırlamıyorum,"[""sansar salvo""]",0,test
how to dream,"[""sam phillips""]",0,val
kapitel 28: der könig der löwen 2 - simbas königreich,"[""disney - der könig der löwen""]",0,train
kızıldere,"[""grup yorum""]",0,test
la mucara,"[""the mavericks""]",0,train
le blues du businessman - 2009 remaster,"[""claude dubois""]",0,test
liv och död,"[""maskinen""]",0,train
man saaf tera hai ya nahin,"[""parashuram""]",0,val
mestaripiirros,"[""anna puu""]",0,train
mitilinia,"[""aris san""]",0,val
muumilaakson aamu,"[""jari sillanpää""]",0,test
nyaman,"[""andmesh""]",0,val
peter pan,"[""xuxa""]",0,train
piel de nopal,"[""los enanitos verdes""]",0,val
podleham,"[""chinaski""]",0,test
poquito mas,"[""infected mushroom""]",0,test
praise him in advance,"[""marvin sapp""]",0,train
rüzgar,"[""bulutsuzluk özlemi""]",0,train
sajan tori bagiya men,"[""noor jehan""]",0,train
saulėsužtemimas,"[""ba.""]",0,train
ser hümano,"[""tiro de gracia""]",0,train
será porque te amo,"[""el combo loco""]",0,train
sing sing,"[""gaz""]",0,test
skin and bones,"[""jean ritchie""]",0,test
somebody is watching me,"[""rockwell""]",0,train
sweet lorraine,"[""michel de villers""]",0,train
tanssi niin kuin kakkiainen,"[""kikattava kakkiainen""]",0,train
terbakar cemburu - edited ver,"[""padi""]",0,test
the dying cowboy,"[""alan lomax""]",0,train
un pobre con dinero,"[""sfdk""]",0,test
undecided blues,"[""count basie""]",0,train
whiskey sunsets - live,"[""moon taxi""]",0,test
yo soy helenita,"[""helenita vargas""]",0,train
you got me,"[""toto""]",0,test
zal za despina,"[""naum petreski""]",0,train
a cockeyed optimist,"[""richard rodgers""]",0,train
aunque no esté de moda,"[""silvio rodríguez""]",0,val
ayer te vi,"[""raly barrionuevo""]",0,train
beautiful,"[""aziz harun""]",0,train
bed bug blues,"[""dave van ronk""]",0,train
ben bir göçmen kızı gördüm,"[""melihat gülses""]",0,train
canción al árbol del olvido,"[""victor jara""]",0,train
dar e receber,"[""antónio variações""]",0,train
dekh liya tune gham ka tamasha,"[""s. d. batish""]",0,test
dil ka soona saaz,"[""mohammed rafi""]",0,train
dragon ball rap,"[""porta""]",0,train
ek bhool se kya hota hai,"[""e. g. padgaonkar""]",0,train
eksik,"[""batu akdeniz""]",0,train
el juego y el juguete,"[""gabinete caligari""]",0,train
esposa y querida,"[""lebrón brothers""]",0,test
eu nao pedi pra nascer,"[""facção central""]",0,train
fria vägar ut,"[""lars winnerbäck""]",0,train
gone! the promises of yesterday,"[""the mad lads""]",0,train
gong,"[""wanima""]",0,val
guess who,"[""the righteous brothers""]",0,train
hambruna,"[""2 minutos""]",0,train
jeg er ligeglad,"[""bølle-bob og de andre""]",0,val
jeník s mařenkou,"[""miroslav černý""]",0,train
jungalero,"[""les baxter""]",0,train
la faldita,"[""banda cuisillos""]",0,train
la mala maña,"[""el afinaito""]",0,test
leikkisät koiranpennut,"[""anni tannin lapsilaulajat""]",0,val
milk an money,"[""eraserheads""]",0,test
my coloring book,"[""julie london""]",0,val
no lipstick,"[""protoje""]",0,train
no te iras,"[""sexappeal""]",0,test
nobody,"[""malome vector""]",0,train
paradís,"[""stefán hilmarsson""]",0,train
pijos powres,"[""gatillazo""]",0,train
pobre diabla,"[""don omar""]",0,train
por volverte a ver,"[""los angeles de charly""]",0,val
quando eu morri,"[""marcelo nova""]",0,train
que se me acabe la vida,"[""josé alfredo jimenez""]",0,test
ružové brýle,"[""dms""]",0,train
soñadora del carnaval,"[""los fronterizos""]",0,test
spökstad,"[""kent""]",0,train
söknuður,"[""friðrik karlsson""]",0,train
teach me tonight,"[""dinah washington""]",0,train
the lady is a tramp,"[""gwen verdon""]",0,val
the part where i cry,"[""willie nelson""]",0,val
the snakes crawl at night,"[""charley pride""]",0,train
the willow,"[""the albion band""]",0,test
un amigo un hermano,"[""los peores de chile""]",0,train
una fan enamorada - salsa,"[""servando & florentino""]",0,train
zion train,"[""bob marley & the wailers""]",0,test
drinkin beer talkin god amen,"[""chase rice"",""florida georgia line""]",1,train
02 i fäders spår,"[""ultima thule""]",0,train
alaska country,"[""shocking blue""]",0,train
all of you,"[""sonny clark""]",0,train
alone in a strange place,"[""sipho gumede""]",0,test
anime in plexiglass,"[""ligabue""]",0,train
back door,"[""stray kids""]",0,test
bling-bling,"[""adrien antoine""]",0,test
confidências,"[""jorge de altinho""]",0,test
dois corações,"[""gian & giovani""]",0,train
du käre lille snickerbo,"[""barnens favoriter""]",0,train
ela na me teliosis - live version,"[""antonis remos""]",0,test
en valsmelodi,"[""sven-bertil taube""]",0,train
fallen,"[""lauren wood""]",0,train
gabrielle,"[""hootenanny singers""]",0,train
happy flying carpet,"[""michel de villers""]",0,test
harlequin,"[""premiata forneria marconi""]",0,train
hav utan hamnar,"[""ulf lundell""]",0,val
hej se på mig,"[""kenneth & the knutters""]",0,test
im rausch der liebe,"[""nena""]",0,train
je sto vicino a te - remastered 2008,"[""pino daniele""]",0,train
karpura bomma,"[""p. susheela""]",0,test
la mer,"[""nicolás cieri""]",0,test
lean & bop,"[""j hus""]",0,val
los luchadores,"[""conjunto africa""]",0,train
marvin & miles,"[""gare du nord""]",0,train
name pali edo zodanos,"[""tripes""]",0,test
need,"[""mudhoney""]",0,val
no entiendo,"[""cnco""]",0,val
norwegian boogie,"[""eddie meduza""]",0,test
only one love is blessed,"[""thurston harris""]",0,train
par rozēm,"[""jumprava""]",0,train
passos na areia,"[""cavalo de pau""]",0,train
quali alibi,"[""daniele silvestri""]",0,train
ramis,"[""agrupacion orquestral del centro musical theodoro""]",0,train
right away,"[""rodg""]",0,train
sen nerdesin ben nerdeyim,"[""ferdi tayfur""]",0,train
silmades,"[""jüri pootsmann""]",0,train
sino ako?,"[""jamie rivera""]",0,train
surrender,"[""cash cash""]",0,train
the boogie disease,"[""doctor ross""]",0,test
the chosen one,"[""bread""]",0,train
the homecoming,"[""friðrik karlsson""]",0,test
the publicity photograph,"[""tony hancock""]",0,train
tu rica boca,"[""bobby valentin""]",0,train
umacapiruá,"[""pim pau""]",0,test
vestida de garza blanca,"[""cholo valderrama""]",0,test
wave,"[""joão gilberto""]",0,val
y voy a amarte,"[""tecupae""]",0,train
yo me he visto en tus ojos,"[""julio jaramillo""]",0,test
young love,"[""ray conniff""]",0,test
alfie,"[""connie francis""]",0,test
amalfi,"[""hooverphonic""]",0,test
booguie del burrito - remastered,"[""feliciano brunelli y su orquesta""]",0,train
brązowe oczy,"[""milano""]",0,train
canmandalla,"[""yarina""]",0,train
como la flor - remastered,"[""selena""]",0,train
copacabana rock,"[""hareton salvanini""]",0,train
date ur fada,"[""ebony""]",0,test
despo,"[""roza eskenazi""]",0,train
el derecho de vivir en paz,"[""los bunkers""]",0,train
el profesor,"[""grupo tambo""]",0,val
ella,"[""adamo""]",0,val
et pourtant,"[""charles aznavour""]",0,train
forever,"[""tina cousins""]",0,test
forget me never,"[""elvis presley""]",0,train
free again,"[""egert milder""]",0,train
freight train,"[""elizabeth cotten""]",0,test
go easy,"[""alien""]",0,train
habi steez,"[""akkezdet phiai""]",0,test
hele,"[""nerez""]",0,train
how could you say you love me,"[""sarah geronimo""]",0,train
jamaica,"[""vilhjálmur vilhjálmsson""]",0,test
jungle in my heart,"[""bad boys blue""]",0,train
keresem az utam,"[""ákos""]",0,train
la chica de los ojos cafés,"[""banda kañón""]",0,train
may i have this dance,"[""vst & company""]",0,train
me sena kselogiastika,"[""stratos pagioumtzis""]",0,val
muñeca de bazar,"[""sonora borinquen""]",0,train
nada além do sangue - ao vivo,"[""fernandinho""]",0,train
ogrodu serce,"[""daab""]",0,train
os meninos dançam - remixed original album,"[""caetano veloso""]",0,train
oye mujer,"[""jambao""]",0,test
por mi timidez,"[""antony santos""]",0,train
puppets,"[""depeche mode""]",0,train
san francisco mabel joy,"[""kenny rogers""]",0,train
sana geldim,"[""bülent ortaçgil""]",0,test
she moved through the fair,"[""loreena mckennitt""]",0,val
soi kunniaksi luojan - sing now to the creator,"[""the candomino choir""]",0,train
someday,"[""louis armstrong""]",0,train
summer soft,"[""stevie wonder""]",0,val
sé que tú no estás solo,"[""amén""]",0,test
talento,"[""elli kokkinou""]",0,train
tepels liegen niet,"[""mooi wark""]",0,train
tootsee roll lp version,"[""69 boyz""]",0,val
trop tard,"[""soldat louis""]",0,train
tumne di awaz,"[""shabbir kumar""]",0,train
txalaparta,"[""gorka knörr""]",0,train
vals del amor - remasterizado,"[""francisco canaro""]",0,test
vi har bara varandra,"[""di leva""]",0,train
you make me sick - radio mix,"[""p!nk""]",0,val
epidemic,"[""polo g""]",1,val
all of me,"[""louis armstrong""]",0,train
amad nobahar,"[""farid farjad""]",0,train
babička,"[""karel gott""]",0,train
banquete de signos,"[""zé ramalho""]",0,train
białkoholicy,"[""taco hemingway""]",0,val
cavaleiros negros,"[""os mutantes""]",0,train
cuando tenga la tierra,"[""luis rico""]",0,test
el arbolito,"[""el gran combo de puerto rico""]",0,test
el cha cha chá del tren,"[""olga y tony""]",0,train
eva-lena,"[""hasse andersson""]",0,val
giden günlerim oldu,"[""gülben ergen""]",0,train
hamraborgin,"[""einar kristjansson""]",0,train
hay que poner el alma,"[""víctor manuelle""]",0,val
hinahanap-hanap kita,"[""regine velasquez""]",0,train
if you listen - remasterisé en 2016,"[""françoise hardy""]",0,test
ja sina,"[""ines""]",0,test
jesse james,"[""the kingston trio""]",0,train
kata pujangga,"[""rhoma irama""]",0,test
kekal,"[""ziana zain""]",0,train
la ligne droite,"[""georges moustaki""]",0,test
la mia canzone per maria,"[""lucio battisti""]",0,train
la paciencia de los santos,"[""jose gomez""]",0,train
les pâques a new york,"[""blaise cendrars""]",0,test
limehouse blues,"[""duke ellington""]",0,val
lásko má,"[""hana hegerova""]",0,test
maria went to town: leron leron sinta,"[""mabuhay singers""]",0,train
marriage bureau rendezvous,"[""10cc""]",0,train
mecnunum leylamı gördün mü,"[""tülay german""]",0,test
miguel,"[""son miserables""]",0,train
nashville tennessee,"[""kikki danielsson""]",0,train
o my soul,"[""big star""]",0,train
on an island,"[""david gilmour""]",0,val
p.p.p,"[""ella""]",0,val
pêy blên bê le nîweşew da,"[""hesen zîrek""]",0,train
quizas si quizas no,"[""cris manzano""]",0,val
red lenses,"[""rush""]",0,test
siempre sea,"[""joe cuba sextet""]",0,train
stepping razor,"[""peter tosh""]",0,train
subterrean,"[""max melvin""]",0,train
the shed,"[""rainbow""]",0,train
the sky - vocal deep,"[""mike pimenta""]",0,train
ti si moj greh,"[""lepa brena""]",0,train
titkos üzenet,"[""tnt""]",0,test
tonight,"[""the shadows""]",0,train
trouble you a trouble me,"[""ini kamoze""]",0,train
truce,"[""twenty one pilots""]",0,train
tsé quand ça va ben,"[""québec redneck bluegrass project""]",0,train
weekends,"[""amy shark""]",0,train
what is there to say,"[""dizzy gillespie""]",0,val
who can i run to,"[""the jones girls""]",0,train
a sneg idjot,"[""maya kristalinskaya""]",0,train
all i do,"[""daryl braithwaite""]",0,val
amore no,"[""adriano celentano""]",0,train
anna - lassmichreinlassmichraus - single version,"[""trio""]",0,val
as mariposa,"[""adoniran barbosa""]",0,train
becoming insane,"[""infected mushroom""]",0,test
canteiros - ao vivo,"[""raimundo fagner""]",0,train
caristrona,"[""don mackinnon""]",0,train
cinderella stay awhile,"[""michael jackson""]",0,train
coola killar,"[""arvingarna""]",0,val
eyesight to the blind,"[""the larks""]",0,train
fast car - acoustic version,"[""kelly rida""]",0,test
garjat barsat megh,"[""lata mangeshkar""]",0,train
give it up,"[""steve miller band""]",0,test
go on home british soldiers,"[""shan-nos""]",0,train
honey chile,"[""fats domino""]",0,test
horfðu á mig,"[""páll óskar""]",0,train
iltasatu,"[""aino akti""]",0,test
les quatre sans cou,"[""pierre brasseur""]",0,train
love is the way,"[""connect-r""]",0,test
magdalena magdalena,"[""rigo dominguez y su grupo audaz""]",0,train
manuela canta saetas,"[""marea""]",0,train
marcel z malého mesta,"[""peter nagy""]",0,train
no colo da noite,"[""sérgio reis""]",0,train
no-talent joe,"[""gwen verdon""]",0,train
nobody does it better,"[""michael calfan""]",0,train
officer boodang,"[""lil boodang""]",0,train
only takes love,"[""sizzla""]",0,test
papa was a poor man,"[""jack jersey""]",0,test
parte de lo que me debes,"[""los planetas""]",0,val
polak wyjątkowy song,"[""hans solo""]",0,train
pulga presidente,"[""atajo""]",0,train
razreshena lubov,"[""krisko""]",0,train
ruido blanco para bebés,"[""ruido blanco""]",0,test
sala 101,"[""dealema""]",0,val
salamat sa alaala,"[""cenon lagman""]",0,train
se despierta,"[""la vela puerca""]",0,train
slaves & bulldozers,"[""soundgarden""]",0,train
sommerkroppen,"[""mads hansen""]",0,train
spoonful,"[""willie dixon""]",0,test
sumarkveðja,"[""ólafur þórðarson""]",0,train
sæmi rokk,"[""hrekkjusvín""]",0,val
taivas aukeaa,"[""kaija koo""]",0,val
tremendo punto,"[""orquesta aragón""]",0,val
tusentals händer,"[""imperiet""]",0,train
ty ho vidis otavo ma,"[""j.a.r.""]",0,train
una noche con arte,"[""el arrebato""]",0,train
zum zum zum,"[""siw malmkvist""]",0,test
çantada keklik,"[""sibel can""]",0,train
ég veit þú kemur,"[""elly vilhjálms""]",0,train
adresi biliyorsun,"[""nalan""]",0,train
aja baja alfons - pt. 2,"[""alfons åberg""]",0,train
alcoholic,"[""common kings""]",0,train
bajo tus alas,"[""marcos yaroide""]",0,test
chicha de curacaví,"[""hugo lagos""]",0,train
dear diary,"[""the moody blues""]",0,train
desorden,"[""izal""]",0,test
el angel caido,"[""mägo de oz""]",0,train
el paraná en una zamba,"[""los trovadores del norte""]",0,val
eyes wide shut,"[""jls""]",0,test
glass securit,"[""serge gainsbourg""]",0,train
hallelujah,"[""rea garvey""]",0,train
heart and shoulder,"[""heather nova""]",0,train
hello susie,"[""the move""]",0,val
hyd-paráda,"[""radosinské naivné divadlo""]",0,train
i must be dreaming,"[""neil sedaka""]",0,val
i walk away,"[""split enz""]",0,test
iko iko,"[""cyndi lauper""]",0,test
in the year 2000,"[""brett van donsel""]",0,val
kapitel 10 - pocahontas,"[""disney - pocahontas""]",0,train
kolmas pyörä vaan,"[""iiro rantala""]",0,test
köpekler,"[""duman""]",0,train
la bamba,"[""the sandpipers""]",0,train
les remparts de varsovie,"[""jacques brel""]",0,test
llega la cigueña,"[""sonora palacios""]",0,test
loco,"[""andrés calamaro""]",0,test
london conversation,"[""john martyn""]",0,train
love,"[""beyond""]",0,val
lwandle,"[""zola""]",0,train
main title,"[""maurice jarre""]",0,train
mind up tonight,"[""melba moore""]",0,train
mullvad,"[""james & karin""]",0,train
na mee vo de globi rettet en fuessballschiedsrichter,"[""globi""]",0,test
o akrovatis,"[""miltos pashalidis""]",0,val
pidä kii,"[""muska""]",0,test
rak at,"[""amir benayoun""]",0,train
rookie of the year 2019,"[""staden""]",0,train
smoke gets in your eyes,"[""dinah washington""]",0,train
sms,"[""linnea henriksson""]",0,train
spacemuminsh,"[""prāta vētra""]",0,train
step,"[""kara""]",0,test
suite populares españolas: asturiana,"[""isaac stern""]",0,train
supereroi,"[""meganoidi""]",0,train
susi,"[""salsanamia""]",0,train
tabla,"[""wisin & yandel""]",0,val
take a whiff on me,"[""lead belly""]",0,train
this i swear,"[""nick lachey""]",0,train
tyl,"[""kakie""]",0,test
walk,"[""ludovico einaudi""]",0,train
óþekk,"[""aron can""]",0,train
essence,"[""wizkid"",""tems""]",1,val
you should probably leave,"[""chris stapleton""]",1,train
aks im wandschrank,"[""kollegah""]",0,train
başka yar sevme,"[""azer bülbül""]",0,val
ciudad baigón,"[""indio solari y los fundamentalistas del aire acondicionado""]",0,test
conclusão,"[""julinho ksd""]",0,val
datalen kalajat kahoor,"[""lata mangeshkar""]",0,train
est-ce par hasard?,"[""dave""]",0,train
falling,"[""krept & konan""]",0,train
fumo,"[""le orme""]",0,val
games people play - bonus track,"[""allison durbin""]",0,val
how long has this been going on - 2015 remastered version,"[""mel tormé""]",0,train
ik leef niet meer voor jou,"[""marco borsato""]",0,train
infidèle et jaloux,"[""tonton david""]",0,val
ještě tě mám plnou náruč,"[""jiří korn""]",0,val
kleptoman,"[""povel ramel""]",0,train
kunja sajaye delo,"[""k.c.dey""]",0,test
les moins de cent ans,"[""georgius""]",0,train
lijte kiše,"[""zorica markovic""]",0,train
long tail cat,"[""loggins & messina""]",0,train
love in the afternoon,"[""legião urbana""]",0,train
lullaby of broadway,"[""doris day""]",0,train
magic,"[""light""]",0,train
malambo no. 1,"[""yma sumac""]",0,test
maybe tomorrow,"[""mink deville""]",0,train
mañana,"[""gloria trevi""]",0,train
moody speaks,"[""dizzy gillespie""]",0,test
nagmamahal,"[""renz verano""]",0,test
nic zamieszkuja demony,"[""wilki""]",0,train
no carnaval,"[""elza soares""]",0,test
o nome de cristo,"[""arautos do rei""]",0,train
ojos verde mar,"[""los amigos de loica""]",0,train
on our way,"[""nobuo uematsu""]",0,train
pena huasteca,"[""antonio maciel""]",0,train
proclamation,"[""gentle giant""]",0,val
rive gauche,"[""alain souchon""]",0,train
sepanjang jalan kenangan,"[""tetty kadi""]",0,test
slender frame,"[""a-ha""]",0,train
smoke you out,"[""one slack mind""]",0,test
someone who cares,"[""dusty springfield""]",0,test
spre mare,"[""inna""]",0,val
swing guitars,"[""django reinhardt""]",0,train
säkkijärven polkka,"[""leningrad cowboys""]",0,test
słowa,"[""gosia andrzejewicz""]",0,train
terbiyesizim,"[""oguzhan ugur""]",0,train
vayari bhama,"[""ramana gogula""]",0,train
vencedores vencidos,"[""patricio rey y sus redonditos de ricota""]",0,train
við lítinn vog,"[""egill ólafsson""]",0,val
wave babies,"[""honeymoon suite""]",0,val
whitney houston medley,"[""lani misalucha""]",0,train
wrong number,"[""tvxq!""]",0,train
özlem,"[""grup yorum""]",0,test
levitating,"[""dua lipa""]",1,test
next girl,"[""carly pearce""]",1,train
a new year 2021,"[""intergalactical""]",0,test
annabel lee - texto poesía edgar allan poe,"[""radio futura""]",0,train
back in the usa,"[""mc5""]",0,val
brickfield nights,"[""the boys""]",0,test
carry on,"[""avenged sevenfold""]",0,val
chen chere en guma,"[""tito rodriguez & his orchestra""]",0,train
cymbeline,"[""loreena mckennitt""]",0,train
dance away these days,"[""harper finn""]",0,val
desde el oeste,"[""almafuerte""]",0,test
du bist nicht allein,"[""james last""]",0,test
dub you haffe dub,"[""black uhuru""]",0,train
el loco antonio,"[""jaime roos""]",0,train
en courant,"[""laurence jalbert""]",0,test
enta veduka,"[""tanguturi suryakumari""]",0,val
everlasting love,"[""u2""]",0,test
fado boémio e vadio,"[""piedade fernandes""]",0,test
hand of law,"[""radio birdman""]",0,train
i can love you like that,"[""all-4-one""]",0,train
la storia di serafino,"[""adriano celentano""]",0,test
liljan,"[""páll rósinkranz""]",0,train
live without it,"[""killing heidi""]",0,train
liwanag ng aming puso,"[""himig heswita""]",0,train
loca,"[""rels b""]",0,val
metsäkukkia,"[""eino grön""]",0,train
miss lonely eyes,"[""1986 omega tribe""]",0,train
munchies de mujeres,"[""amenazzy""]",0,train
múdra čiapka,"[""zlatá brána""]",0,train
nena boba,"[""pescado rabioso""]",0,train
o que é o amor,"[""arlindo cruz""]",0,val
obrigado por estragar tudo - ao vivo,"[""marília mendonça""]",0,train
on a clear day,"[""joe hisaishi""]",0,train
over my shoulder,"[""ray noble""]",0,train
pod niebem,"[""raz dwa trzy""]",0,train
prelepa gorenjska,"[""ansambel bratov avsenik""]",0,train
recuerdo,"[""banda los guamuchileños de culiacan""]",0,train
sincerely,"[""victor wood""]",0,train
sobre una tumba humilde,"[""sonora cumanacao""]",0,train
sowa,"[""fatoumata diawara""]",0,val
still,"[""jupiter jones""]",0,test
summertime,"[""helen merrill""]",0,train
sweat loaf,"[""butthole surfers""]",0,test
sydän tyhjää lyö,"[""eppu normaali""]",0,train
szczerze,"[""taco hemingway""]",0,test
sólin er komin,"[""mugison""]",0,train
thapelo,"[""sammy malete""]",0,test
trelenome,"[""anna vissi""]",0,val
tu mal humor,"[""tennessee""]",0,train
usted,"[""gilberto monroig""]",0,train
vay,"[""aron can""]",0,train
warsaw ragtime no. 1,"[""warsaw stompers""]",0,test
love again,"[""dua lipa""]",1,test
back on the road again,"[""reo speedwagon""]",0,train
barrio pobre - remastered,"[""carmen duval""]",0,train
brother,"[""jorge ben jor""]",0,train
cheri yasodaku,"[""s. p. sailaja""]",0,train
chill factor,"[""richard elliot""]",0,test
chino,"[""mancha de rolando""]",0,train
desvanecer - en vivo,"[""andrés cepeda""]",0,train
dildar na darshan vina,"[""master kanti surat""]",0,train
harold land - 2003 remaster,"[""yes""]",0,train
hlubina,"[""znouzectnost""]",0,test
it`s only emotion,"[""bass astral x igo""]",0,train
jag har vandrat mina stigar,"[""sven-erik magnusson""]",0,train
kalan kalır,"[""ahmet kaya""]",0,train
la quiero a morir,"[""sergio vargas""]",0,test
llévame contigo,"[""no te va gustar""]",0,train
long kiss goodnight - 2014 remaster,"[""the notorious b.i.g.""]",0,train
love can move mountains,"[""céline dion""]",0,train
love of all time,"[""shakatak""]",0,val
me voy,"[""santaferia""]",0,test
minha paz,"[""gloria""]",0,train
minnalai pidithu,"[""unni menon""]",0,val
mojave,"[""antônio carlos jobim""]",0,test
mónica,"[""rio""]",0,test
no. new york - live,"[""boøwy""]",0,train
non serviam,"[""rotting christ""]",0,train
old cape cod,"[""jerry vale""]",0,val
projdu zdi,"[""kabát""]",0,test
quiero estar solo,"[""jeros""]",0,test
rammer perfekt,"[""karl william""]",0,train
rosvolaulu,"[""satu sopanen & tuttiorkesteri""]",0,train
sahici,"[""deniz seki""]",0,test
satu nama tetap dihati,"[""eye""]",0,train
sierra sue,"[""eddy arnold""]",0,train
sombra perdida,"[""binomio de oro""]",0,train
stars fell on alabama,"[""jimmy buffett""]",0,train
stress,"[""richie campbell""]",0,train
supermassive black hole,"[""stereo avenue""]",0,train
tak mungkin berpaling,"[""slam""]",0,val
taktokat gnt naaeme,"[""om kalthom""]",0,train
te voi astepta,"[""adrian minune""]",0,train
temple of gold,"[""les baxter""]",0,train
teninle konuşmak,"[""bülent ortaçgil""]",0,train
tha ertho na se ksipniso,"[""markos vamvakaris""]",0,val
the three shadows part 2,"[""bauhaus""]",0,train
tu recuerdo,"[""tierra canela""]",0,train
violão vagabundo,"[""moraes moreira""]",0,train
včera mi zhorel dom,"[""saul""]",0,train
wrap me up - original mix,"[""alex party""]",0,train
yo me estoy enamorando,"[""pansequito""]",0,train
ölsem de bir kalsam da bir,"[""banu kırbağ""]",0,val
memory i dont mess with,"[""lee brice""]",1,val
and the singer sings his song,"[""neil diamond""]",0,train
asi se baila el chamame,"[""los reyes del chamame""]",0,train
bags & trane,"[""milt jackson""]",0,train
bells and horns in the back of beyond - remastered version,"[""midnight oil""]",0,train
capítulo 13.2 - la legión de los condenados,"[""sven hassel""]",0,train
chhutir banshi bajlo,"[""namita sen""]",0,train
christmas in my heart,"[""percy faith & his orchestra & chorus""]",0,train
cso,"[""rocket""]",0,train
dark times,"[""falcata""]",0,train
desatando el morral,"[""los tucanes de tijuana""]",0,train
dilli ki galion men jiya nahin lage,"[""g. m. durrani""]",0,train
do me more,"[""namie amuro""]",0,train
harley davidson,"[""eddie meduza""]",0,train
heartbreak hotel,"[""yohio""]",0,val
heaven,"[""ailee""]",0,train
khud se jo vada kiya tha,"[""pamela chopra""]",0,train
la agarro bajando,"[""gilberto santa rosa""]",0,train
la mujer que amo,"[""mário silva""]",0,train
la virgen de la macarena,"[""pasodobles""]",0,train
libre soy,"[""tijeritas""]",0,val
mariah - radio edit,"[""juan magán""]",0,train
meant to be - acoustic,"[""bebe rexha""]",0,train
medicine man,"[""the scabs""]",0,train
mi amante es una puta,"[""jay katana""]",0,val
moara,"[""valeriu sterian""]",0,train
morituri te salutant,"[""karel kryl""]",0,train
nagsasawa ka na ba?,"[""eggboy""]",0,train
once you get it,"[""b.t. express""]",0,train
oula,"[""aya nakamura""]",0,val
our legacy - official thunderdome 2017 anthem,"[""guerrillas""]",0,test
pikku myyn haaveet,"[""elina salo""]",0,test
pin up,"[""the stranglers""]",0,val
pissing in a river,"[""patti smith""]",0,val
por um amor maior,"[""elis regina""]",0,train
porta estandarte,"[""geraldo vandre""]",0,train
quise manchar tu alma,"[""binomio de oro""]",0,val
red cross store blues,"[""lead belly""]",0,test
rua augusta,"[""emicida""]",0,test
salto mortale,"[""jef and the pennies from heaven""]",0,train
somos caminantes,"[""el comunero de los andes""]",0,test
sólo los tontos,"[""los caminantes""]",0,train
the big head,"[""coleman hawkins""]",0,train
the girl who had everything,"[""carola""]",0,train
tú me querías,"[""tijeritas""]",0,train
unchained melody,"[""air supply""]",0,train
vete vete,"[""maicol benitez""]",0,train
voggevise,"[""thorbjørn egner""]",0,train
voy a prometerme,"[""la cumana""]",0,test
wenhamo,"[""thomas mapfumo""]",0,train
your wonderful love - single version,"[""the temptations""]",0,train
my future,"[""billie eilish""]",1,val
1.signalni,"[""chinaski""]",0,val
apohoro,"[""konstantinos argiros""]",0,val
avraham vesarah,"[""arik einstein""]",0,train
beibi on ylpee,"[""popeda""]",0,test
bleu canard,"[""julien doré""]",0,val
breathe - karaoke version in the style of michelle branch,"[""charttraxx karaoke""]",0,test
budeme to stále my...,"[""i.m.t. smile""]",0,test
cachondea,"[""fruko y sus tesos""]",0,train
cat prance,"[""toini & the tomcats""]",0,test
catfish blues,"[""canned heat""]",0,test
cecilia,"[""buenos muchachos""]",0,train
chance to find me,"[""toini & the tomcats""]",0,test
coyita cantor,"[""canciones para no dormir la siesta""]",0,train
denne gang,"[""michael teschl""]",0,test
el arrepentido - unplugged version,"[""los tres""]",0,test
el camino del evangelio,"[""marino""]",0,val
embrace,"[""bump of chicken""]",0,train
faith,"[""yuna ito""]",0,test
fila me,"[""rififi""]",0,train
for you,"[""triumvirat""]",0,val
goodbye to yesterday,"[""elina born""]",0,test
hei! você,"[""dom salvador & abolição""]",0,test
i believe,"[""tears for fears""]",0,train
i get lifted - 2004 remaster,"[""kc & the sunshine band""]",0,val
kinder an die macht - remastered 2016,"[""herbert grönemeyer""]",0,test
krummi krúnkar úti,"[""skoppa og skrítla""]",0,test
la fiesta,"[""vicente fernández""]",0,val
leichtes gepäck,"[""silbermond""]",0,test
long way home,"[""atb""]",0,test
move away jimmy blue,"[""del amitri""]",0,test
mujhse mat poochh,"[""lata mangeshkar""]",0,train
nix is fix,"[""rainhard fendrich""]",0,val
no sabes que desperdicio tengo en el alma,"[""los tres""]",0,train
petit escargot,"[""comptines tv""]",0,test
road fighter,"[""sechskies""]",0,val
sex-appeal,"[""georg danzer""]",0,train
sonia,"[""sonny clark""]",0,train
spao ta rologia,"[""triantafillos""]",0,train
sudamérica o el regreso a la aurora,"[""arco iris""]",0,test
tańcz głupia,"[""sobota""]",0,train
te imagino,"[""alberto stylee""]",0,test
tempted,"[""marty stuart""]",0,train
the crunch,"[""the rah band""]",0,train
this endless night,"[""neil sedaka""]",0,test
tum ek gorakh dhanda ho - complete original version,"[""nusrat fateh ali khan""]",0,train
visā visumā visums ir viss,"[""instrumenti""]",0,train
volantes pa la falda mi gitana,"[""melendi""]",0,test
woman without love,"[""elvis presley""]",0,train
yama nadaet,"[""om kalthom""]",0,test
ángeles fuimos,"[""adrian barba""]",0,train
knowing you,"[""kenny chesney""]",1,train
años cruentos,"[""los belkings""]",0,val
bañado norte,"[""los residentes folklore""]",0,train
bis seattle,"[""fynn kliemann""]",0,train
cachoeira de poder,"[""cassiane""]",0,val
chapter 7.7 - król maciuś pierwszy,"[""janusz korczak""]",0,train
der letzte walzer,"[""peter alexander""]",0,val
det e helg,"[""vassendgutane""]",0,train
einsamer winterweg2006,"[""wedard""]",0,train
era una vita che ti stavo aspettando,"[""francesco renga""]",0,test
fait divers - remasterisé en 2015,"[""téléphone""]",0,train
fakir v laznich,"[""buty""]",0,val
fight music,"[""sekai no owari""]",0,train
filth pig,"[""ministry""]",0,test
gaukur í klukku,"[""mx-21""]",0,train
get jinxed,"[""league of legends""]",0,train
gift,"[""hov1""]",0,test
goose grease,"[""lou donaldson""]",0,train
gözümün bebeği,"[""sibel tüzün""]",0,train
hard-headed woman,"[""john lee hooker""]",0,test
i robot,"[""the alan parsons project""]",0,train
i want u,"[""alison wonderland""]",0,train
i wish you love,"[""jack jones""]",0,test
intoxicado,"[""viejas locas""]",0,train
je veux que tu me mentes,"[""lynnsha""]",0,train
john the revelator,"[""son house""]",0,train
johnny comes down to hilo,"[""sam eskin""]",0,test
les feuilles mortes,"[""paul mauriat""]",0,train
lift me up,"[""kern""]",0,val
meira dót,"[""buttercup""]",0,test
mels me vubec rad,"[""ewa farna""]",0,train
mevlana jalaluddin rumi - dream of shams,"[""mercan dede""]",0,test
midnight lovers,"[""passion""]",0,test
no te olvides,"[""los olimareños""]",0,train
numero uno,"[""matze knop""]",0,train
o mundo é um moinho - live,"[""cazuza""]",0,train
pas cette chanson,"[""johnny hallyday""]",0,val
pensamiento y palabra,"[""víctor manuelle""]",0,train
portrait of louise,"[""bee gees""]",0,test
push and pull,"[""herb alpert""]",0,val
rus,"[""lill lindfors""]",0,test
rīgas sporta pils,"[""labvēlīgais tips""]",0,val
show you,"[""zian""]",0,test
sta ipa ola - live,"[""miltos pashalidis""]",0,test
the kiss,"[""trevor jones""]",0,test
the pestilence,"[""kreator""]",0,train
versos al viento,"[""makiza""]",0,train
vida,"[""maxi4000""]",0,test
welcome to my paradise,"[""steven & coconuttreez""]",0,val
why do you keep me waiting,"[""bread""]",0,test
znas li sta o njoj,"[""mile kitic""]",0,val
addicted,"[""dan seals""]",0,train
bambaram bam bam,"[""tito puente & his orchestra""]",0,val
bashment time featuring mr. easy,"[""frisco kid""]",0,train
come together,"[""spiritualized""]",0,train
confessions,"[""usher""]",0,train
cumbia del indio,"[""chicos de barrio""]",0,test
di ko na mapipigilan,"[""sexbomb girls""]",0,train
donna,"[""wallen""]",0,val
ein teil von meinem herzen,"[""jonathan zelter""]",0,train
emcee,"[""bassi maestro""]",0,val
estoy enamorado,"[""ladron""]",0,test
falskar ástir,"[""floni""]",0,train
forte e chiaro,"[""capo plaza""]",0,val
go on girl,"[""ne-yo""]",0,val
half a boy half a man,"[""kikki danielsson""]",0,train
how great thou art,"[""tammy wynette""]",0,train
i have a right,"[""sonata arctica""]",0,test
it was midnight on the ocean,"[""the tune wranglers""]",0,train
john barleycorn,"[""traffic""]",0,train
kenikmatan tersendiri,"[""utha likumahuwa""]",0,train
kom nog even niet naar hier,"[""acda en de munnik""]",0,test
kırmızı,"[""sibel tüzün""]",0,val
kızlar dura dura,"[""hüseyin kağıt""]",0,val
la borrachera #1,"[""aldo ranks""]",0,train
langamma,"[""egill ólafsson""]",0,train
le grand chêne,"[""georges brassens""]",0,train
leningrad,"[""topi sorsakoski & agents""]",0,train
love makes the world go round,"[""percy sledge""]",0,test
luna,"[""string karma""]",0,train
manhattan skyline,"[""david shire""]",0,test
musketör,"[""ebba grön""]",0,train
môregloed,"[""van coke kartel""]",0,train
ninguém = ninguém,"[""engenheiros do hawaii""]",0,train
o boto rosa,"[""xuxa""]",0,train
out of me,"[""luttrell""]",0,train
pali tha klapso,"[""marinella""]",0,test
pillangoviya,"[""vidyabhushana""]",0,train
rangur maður,"[""á móti sól""]",0,train
sabreen,"[""talal madah""]",0,train
seek up - live,"[""dave matthews band""]",0,test
settle down my boy,"[""men at work""]",0,train
so deep within you,"[""the moody blues""]",0,train
solo una noche,"[""wisin & yandel""]",0,train
space monkey,"[""placebo""]",0,train
the glory of love,"[""jimmy durante""]",0,train
tre sjömansflickor,"[""gunnar hahns orkester""]",0,train
viernes 3 am,"[""serú girán""]",0,train
võidusõit,"[""black velvet""]",0,train
when we dig for gold in the usa,"[""amanda jenssen""]",0,test
wings of a dove,"[""madness""]",0,train
180 degree,"[""ben""]",0,train
akhir cinta,"[""panbers""]",0,train
ao partir o pão,"[""walmir alencar""]",0,train
aquí en mi ser tu amor,"[""los voceros de cristo""]",0,train
beautiful mary,"[""jimmie davis""]",0,train
czarne zastępy,"[""kat""]",0,train
danzando,"[""jhovanny moreno""]",0,train
dar dar ki thokren hain,"[""shamshad begum""]",0,test
do the reggae,"[""tropical depression""]",0,train
duur,"[""strings""]",0,train
ella es un fantasma,"[""mayonesa""]",0,train
emperor jones,"[""frankie newton""]",0,train
every christian lion hearted man will show you,"[""bee gees""]",0,val
good thing,"[""rebecka törnqvist""]",0,train
halløjsenbær,"[""alberte winding""]",0,test
hoşgeldin aramıza,"[""müjde tuğsuz""]",0,train
i wanna be loved,"[""nancy wilson""]",0,train
in the eye of the sun,"[""the doors""]",0,test
jesús kristur og ég,"[""mannakorn""]",0,val
maradj velem,"[""balázs fecó""]",0,train
margot,"[""junior gonzalez""]",0,val
missing you,"[""jim reeves""]",0,train
na mee vo dr polizist verhaftet de lätz,"[""globi""]",0,train
nueva ilusión,"[""grupo pegasso""]",0,val
outlaw heart,"[""tiger army""]",0,val
pájaro campana,"[""los indios tabajaras""]",0,test
quand fera-t-il jour camarade? - live,"[""mireille mathieu""]",0,train
satelit,"[""petr kotvald""]",0,train
she wandered through the garden fence,"[""procol harum""]",0,test
sokolata,"[""sarbel""]",0,train
solo con un beso,"[""ricardo montaner""]",0,train
sometimes i wonder,"[""the impressions""]",0,train
sur ma vie,"[""charles aznavour""]",0,val
sympati,"[""benny jamz""]",0,train
tell it to my heart,"[""kelly llorenna""]",0,train
terra degli uomini,"[""jovanotti""]",0,train
the green leaves of summer,"[""dimitri tiomkin""]",0,train
the royal scam,"[""steely dan""]",0,train
the sweetest love,"[""robin thicke""]",0,train
tiada lagi kidungmu,"[""lefthanded""]",0,train
téged nem,"[""péterfy bori & love band""]",0,test
vasilepses asteri mou,"[""meri lida""]",0,train
vetrivel veeravel sutri vandha,"[""t. m. soundararajan""]",0,train
victory,"[""soprano""]",0,val
visions of your reality,"[""ultimate spinach""]",0,train
vivere senza te,"[""nek""]",0,test
vsr,"[""metalinda""]",0,train
when she touches me,"[""percy sledge""]",0,val
why get up,"[""the fabulous thunderbirds""]",0,train
zoila,"[""carlos vives""]",0,train
2 glass,"[""isah""]",0,train
angel eyes,"[""ace of base""]",0,test
apogevma sto dentro,"[""alkinoos ioannidis""]",0,val
aunque me duela el alma,"[""joan sebastian""]",0,train
avisa à maria que amanhã tem baile,"[""moreira da silva""]",0,train
călătorie în timp,"[""cargo""]",0,train
dass es dir leid tut - remastered 2002,"[""pur""]",0,train
det begynner å bli et liv,"[""anita skorgan""]",0,train
el culpable soy yo,"[""calibre 50""]",0,train
favela sinistra,"[""trilha sonora do gueto""]",0,test
gundah,"[""hujan""]",0,test
guten morgen,"[""ton steine scherben""]",0,train
honeycomb,"[""jimmie rodgers""]",0,test
hot stuff,"[""memphis minnie""]",0,test
hovno,"[""e!e""]",0,train
il silenzio,"[""nini rosso""]",0,train
jealous,"[""billy vaughn""]",0,train
k.i.n.g,"[""satyricon""]",0,train
känn ingen sorg för mig göteborg,"[""håkan hellström""]",0,val
lady,"[""wayne wade""]",0,train
los infieles,"[""aventura""]",0,train
mah lindy lou,"[""burl ives""]",0,train
ob-la-di ob-la-da,"[""peter belli""]",0,train
ojitos raros,"[""gavilla changoreta""]",0,train
orale,"[""gilli""]",0,test
padişah,"[""sibel can""]",0,train
pinky,"[""sarah vaughan""]",0,train
pobre diablo,"[""julio iglesias""]",0,val
pour faire une chanson,"[""dorothée""]",0,train
present,"[""gen hoshino""]",0,test
procuro olvidarte,"[""alejandro fernández""]",0,train
quiero buscarte mas,"[""juan carlos alvarado""]",0,train
quiéreme siempre,"[""los cinco latinos""]",0,train
raindrops,"[""ellegarden""]",0,train
red roses and a sky of blue,"[""the tornados""]",0,val
reginella campagnola,"[""poly e seu conjunto""]",0,test
rise and shine,"[""tommy cash""]",0,val
rád talált,"[""hiperkarma""]",0,test
sen gidiyorsun,"[""gripin""]",0,train
si te lastimé - acústico,"[""seven kayne""]",0,train
sit down i think i love you,"[""buffalo springfield""]",0,train
sulat,"[""moonstar88""]",0,train
sólarsamba,"[""góss""]",0,test
the dichotomy of fame,"[""a.r. rahman""]",0,train
tout seul,"[""les colocs""]",0,test
tu mirada,"[""los caminantes""]",0,train
victory day,"[""tom cochrane & red rider""]",0,train
yaram derinden,"[""sura i̇skenderli""]",0,train
youngbloods,"[""the amity affliction""]",0,train
í hjarta mér,"[""ego""]",0,test
052 - und die musikpiraten - teil 35,"[""die drei ???""]",0,train
aap chahen mujhko,"[""lata mangeshkar""]",0,train
all in,"[""emil assergård""]",0,train
aventurera,"[""alberto plaza""]",0,train
beast of burden,"[""buckwheat zydeco""]",0,train
bossa antigua,"[""paul desmond""]",0,test
carito,"[""carlos vives""]",0,test
carmencita,"[""amaiia rodriguez""]",0,test
chapter 16.2 & chapter 17 & chapter 18.1 - dolina strachu,"[""arthur conan doyle""]",0,train
cheek to cheek,"[""the untouchables""]",0,train
com cristo é vencer,"[""cassiane""]",0,test
coo coo paloma,"[""al caiola""]",0,train
cosita rica,"[""bomba estéreo""]",0,val
el reloj,"[""josé josé""]",0,train
el río no es solo eso,"[""pablo estramín""]",0,test
en ängel i mitt hus,"[""schytts""]",0,val
ergilet güzeli bağlar bozuyor,"[""münir nurettin selçuk""]",0,test
erotiko,"[""haris alexiou""]",0,val
forte,"[""gemitaiz""]",0,train
fındık kurdu,"[""nurhan damcıoğlu""]",0,test
geronimo,"[""lorne greene""]",0,val
good times boogie,"[""john mayall""]",0,train
guira interesada,"[""el chombo""]",0,train
harry & grace make peace,"[""trevor rabin""]",0,train
hatid,"[""the juans""]",0,train
hilangnya seorang gadis,"[""deddy dores""]",0,train
how to fight loneliness,"[""wilco""]",0,train
i like that,"[""sistar""]",0,train
i will follow you,"[""ricky nelson""]",0,train
in your eyes,"[""george benson""]",0,val
joka pojalla on siivet,"[""susanna haavisto""]",0,val
just a boy,"[""ryan mcgraw""]",0,test
just to cry,"[""keef hartley band""]",0,test
kapitel 5.14,"[""edward j. mason""]",0,train
king,"[""ub40""]",0,train
la i̇lahe i̇llallah,"[""sezen aksu""]",0,train
luna,"[""verdena""]",0,test
lupita,"[""pito perez""]",0,train
me and sonny,"[""brownie mcghee""]",0,train
moça de hoje,"[""ary lobo""]",0,train
omri kellou,"[""wael kfoury""]",0,test
simple as this,"[""jake bugg""]",0,train
tek weh yuhself,"[""mr. vegas""]",0,val
the nearness of you,"[""marie earth heart""]",0,train
to whom it may concern,"[""rodríguez""]",0,test
vanishing point - 2015 remaster,"[""new order""]",0,train
você,"[""os paralamas do sucesso""]",0,train
way gone by,"[""masonic""]",0,train
yol,"[""barış manço""]",0,test
ég er frjáls,"[""bítlavinafélagið""]",0,train
100%,"[""lilas ir innomine""]",0,train
a lo lejos - remasterizado,"[""ignacio corsini""]",0,train
adiós,"[""mc davo""]",0,train
ainut maailmassa,"[""kari tapio""]",0,val
amor prohibido,"[""baby rasta & gringo""]",0,train
anytime,"[""margaret whiting""]",0,train
baking powder blues,"[""lucille bogan""]",0,train
capítulo 11.2 - el que susurraba en la oscuridad,"[""h.p. lovecraft""]",0,train
chinnada gombeyalla,"[""rajkumar""]",0,train
conscious of my conscience,"[""womack & womack""]",0,train
dom som försvann,"[""kent""]",0,test
dreamworld - samu sun meets deniz rain mix edit,"[""beatbreaker""]",0,train
drumuri de noroi,"[""alternosfera""]",0,train
el alazán,"[""los cantores del alba""]",0,train
entre dos mares,"[""platero y tu""]",0,val
funky pretty - remastered 2000,"[""the beach boys""]",0,test
glory,"[""hillsong worship""]",0,test
heart of lothian - 2017 remaster,"[""marillion""]",0,train
i just wanted you to know,"[""mark chesnutt""]",0,test
in the year 2000,"[""neill solomon""]",0,train
lamento,"[""duke pearson""]",0,test
manmohan ko sakhi,"[""lata mangeshkar""]",0,val
megamix,"[""kc & the sunshine band""]",0,train
military strongmen,"[""jebediah""]",0,test
nkhauhele le nna,"[""oleseng""]",0,test
o timvorihos - live,"[""miltos pashalidis""]",0,train
oldugumde mezarima gelirmisin,"[""zerrin özer""]",0,train
ole time religion,"[""b.b. king""]",0,val
one way ticket,"[""the darkness""]",0,test
pencil thin mustache,"[""jimmy buffett""]",0,train
peter punk,"[""los estramboticos""]",0,train
prema chandrama,"[""rajesh krishnan""]",0,val
puede haber,"[""tijeritas""]",0,val
que no se repita,"[""danger man""]",0,val
rush - radio version,"[""freak power""]",0,val
se voce quiser,"[""elis regina""]",0,test
severina,"[""the mission""]",0,train
sinta,"[""aegis""]",0,test
snakes of christ,"[""danzig""]",0,train
step it up and go - remastered version,"[""the everly brothers""]",0,train
stindebinde,"[""j. karjalainen""]",0,train
street knock,"[""swizz beatz & a$ap rocky""]",0,test
swami devane,"[""t.g. lingappa""]",0,val
tahdon saaren,"[""eero ja jussi & the boys""]",0,train
the stardust memory,"[""kyoko koizumi""]",0,test
true love pt. #2,"[""x""]",0,train
tu recuerdo,"[""ilegales""]",0,train
yalvarırım affet,"[""kamuran akkor""]",0,train
yaz gazeteci yaz,"[""selda bağcan""]",0,test
öyle bir yerdeyimki,"[""ahmet kaya""]",0,train
bashful baby blues,"[""freddie slack and his orchestra""]",0,test
beyler,"[""dolu kadehi ters tut""]",0,train
bhagat tere bhag jayenge,"[""h khan mastana""]",0,train
bound to break,"[""anthem""]",0,train
brigas de amor,"[""jose roberto""]",0,test
cantona,"[""vlospa""]",0,train
chaos,"[""lacrim""]",0,test
cold desert,"[""kings of leon""]",0,train
cómo ha pasado el tiempo - dedicada a aldeas infantiles s.o.s.,"[""josé luis perales""]",0,train
dreamgirls,"[""platinum deluxe""]",0,train
ei akash baro bishal,"[""jayanta hazarika""]",0,train
every grain of sand,"[""bob dylan""]",0,train
from the dark past,"[""mayhem""]",0,train
garanterat individuell,"[""hoola bandoola band""]",0,test
hallelujah,"[""red garland quintet""]",0,test
heartbeat,"[""2pm""]",0,train
highways,"[""jim sullivan""]",0,train
holiday - 2007 remastered version,"[""happy mondays""]",0,train
how-how - 2009 remaster,"[""leo mathisen""]",0,val
if i used to love you,"[""daniel lemma""]",0,train
in the park - score version,"[""bruce broughton""]",0,train
koparma gülleri,"[""ferdi tayfur""]",0,test
lass die sonne in dein herz,"[""wind""]",0,test
love-sick,"[""keiichi sokabe""]",0,train
maestra,"[""adrian valdez""]",0,test
may your presence go with us,"[""don moen""]",0,val
not a damn thing changed,"[""lukas graham""]",0,test
o baby,"[""siouxsie and the banshees""]",0,val
o fogo nunca dorme,"[""alessandro vilas boas""]",0,test
out tonight,"[""rosario dawson""]",0,train
phoenix bangkit dari abu,"[""m. nasir""]",0,train
plastic man - mono mix,"[""the kinks""]",0,train
ponto final,"[""di paullo & paulino""]",0,train
regeton 8,"[""dj audrey""]",0,test
romance,"[""el combo de las estrellas""]",0,test
see see rider,"[""ernestine anderson""]",0,test
sol över oss,"[""dia psalma""]",0,train
squall,"[""04 limited sazabys""]",0,train
sürgün aşkımız,"[""hazal""]",0,val
tattoo,"[""pieter koen""]",0,val
teď ještě ne,"[""hana hegerova""]",0,test
the letters of the last years,"[""samuel b. charters""]",0,val
the soft parade intro,"[""the doors""]",0,train
two for the road,"[""vic damone""]",0,train
ud i natten,"[""vagn og vagabonderne""]",0,test
vals no.1.,"[""magnús eiríksson""]",0,val
viinaa tsat tsat tsaa,"[""eppu normaali""]",0,train
visto che mi vuoi lasciare,"[""rino gaetano""]",0,test
wenn du einsam bist,"[""böhse onkelz""]",0,train
yo quiero mas de ti,"[""gadiel espinoza""]",0,test
toxic punk,"[""youngboy never broke again""]",1,test
7 hours,"[""cattle & cane""]",0,train
?,"[""law years""]",0,train
ajomies,"[""topi sorsakoski & agents""]",0,test
alene,"[""scandinavia""]",0,val
ayırma bizi - düvaz i̇mam,"[""dertli divani""]",0,test
break your heart,"[""taio cruz""]",0,train
camarera de mi amor,"[""antonio machín""]",0,train
candide: the best of all possible worlds - excerpt,"[""leonard bernstein""]",0,train
clock the dough - 2 step mix,"[""donna dee""]",0,test
colores,"[""viernes verde""]",0,test
dream away - remastered 2004,"[""george harrison""]",0,train
dziesma par pazaudēto laiku,"[""mirdza zivere""]",0,train
ennallunndadaviha,"[""chittoor v. nagaiah""]",0,test
felizes os dois,"[""peste & sida""]",0,test
garnet moon,"[""hitomi shimatani""]",0,test
herir sin darse cuenta,"[""bohemia suburbana""]",0,val
holiday,"[""maxi priest""]",0,train
humillate,"[""ulises bueno""]",0,train
kažu,"[""dubioza kolektiv""]",0,test
lady venom,"[""swollen members""]",0,train
lágrimas,"[""orlando silva""]",0,train
masal,"[""sertab erener""]",0,train
mi amargura,"[""banda de música miraflores-gibraljaire""]",0,train
minsan lang kitang iibigin,"[""regine velasquez""]",0,train
missing each other,"[""cagnet""]",0,train
momiche,"[""wosh mc""]",0,train
nada se compara contigo,"[""alvaro torres""]",0,train
next to you,"[""wild youth""]",0,val
nursery rhyme medley,"[""jeff beatman""]",0,train
one night,"[""fats domino""]",0,train
orgazm,"[""big cyc""]",0,train
paramparça,"[""hasret gültekin""]",0,train
pobrecito de mí,"[""los acosta""]",0,train
puedes,"[""catupecu machu""]",0,train
razão do amor,"[""marcos valle""]",0,val
revolver freestyle,"[""tedua""]",0,train
rosa engeitada,"[""bert kaempfert""]",0,train
sen yoksun diye,"[""erkin koray""]",0,val
si te olvido,"[""duelo""]",0,train
snati og óli,"[""sigga beinteins""]",0,test
snow flower,"[""ananda shankar""]",0,train
steam forest live 1987,"[""andreas vollenweider""]",0,val
taken,"[""kalash""]",0,train
telefone,"[""walter wanderley""]",0,train
the money - live 2016,"[""the busters""]",0,test
untukmu ibu,"[""exists""]",0,test
vacuum cleaner,"[""baby sweet dream""]",0,train
villi yö - life is life,"[""leo luoto""]",0,train
we are all made of stars,"[""moby""]",0,train
yağmur ağlıyor,"[""mustafa ceceli""]",0,val
ghost,"[""justin bieber""]",1,train
sand in my boots,"[""morgan wallen""]",1,train
archangel,"[""burial""]",0,train
barter,"[""kuroyume""]",0,test
brobygningshysteri,"[""humleridderne""]",0,train
burası muştur,"[""neşet ertaş""]",0,test
chapter 2.13 - król maciuś pierwszy,"[""janusz korczak""]",0,train
dalamnya kasihmu bapa - live,"[""true worshippers""]",0,test
dans ma rue - high for the chronic !,"[""doc gynéco""]",0,test
daylight,"[""coldplay""]",0,val
de mas sighoro,"[""eleni tsaligopoulou""]",0,train
del árbol viejo,"[""santiago chalar""]",0,val
do your duty - 2003 remastered version,"[""billie holiday""]",0,val
dumm & glücklich,"[""raf 3.0""]",0,train
entertainer,"[""lenka filipova""]",0,test
gamzedeyim deva bulmam,"[""müzeyyen senar""]",0,test
gure bazterrak,"[""mikel laboa""]",0,train
hann var einu sinni lítill,"[""egill ólafsson""]",0,train
heartburn,"[""wafia""]",0,test
holka,"[""divokej bill""]",0,train
hot,"[""aya nakamura""]",0,train
i can tell,"[""504 boyz""]",0,train
i wish someone would care,"[""etta james""]",0,val
ikävä ihollesi,"[""happoradio""]",0,train
indiana march,"[""christian maucery""]",0,test
just you just me,"[""helen merrill""]",0,test
kveðja útlagans,"[""vilhjálmur vilhjálmsson""]",0,val
lady laura,"[""raulin rosendo""]",0,train
lagarterana,"[""raquel meller""]",0,train
mercy in you,"[""depeche mode""]",0,test
mira por él,"[""bordon 4""]",0,val
misterioso manantial,"[""alameda""]",0,test
negeri di awan,"[""katon bagaskara""]",0,val
on broadway - 2019 - remaster,"[""the dave clark five""]",0,test
pienso en ti,"[""thalia""]",0,test
pupu tupuna,"[""risto""]",0,train
raba-raba,"[""khaled""]",0,val
secret agent man,"[""devo""]",0,test
send it up,"[""vertical horizon""]",0,train
sleepwalk,"[""the brian setzer orchestra""]",0,train
south sea swing - 2015 remastered version,"[""bill wolfgramm & his islanders""]",0,train
straighten out - 1996 remaster,"[""the stranglers""]",0,test
sugar lips,"[""al hirt""]",0,train
tanto amor,"[""willie gonzalez""]",0,train
the soul of a black man,"[""maceo""]",0,train
tiempo,"[""abel pintos""]",0,train
todo o tempo do mundo,"[""rui veloso""]",0,train
up in smoke,"[""cheech & chong""]",0,train
volvió la murga,"[""murga contrafarsa""]",0,val
where would we go,"[""lsg""]",0,train
yambu,"[""louie ramirez""]",0,val
šťastné slunce,"[""hana hegerova""]",0,train
15 ára á föstu,"[""á móti sól""]",0,test
a lonely way to be,"[""lonnie liston smith""]",0,train
afdeling a,"[""danni""]",0,val
alien,"[""a36""]",0,train
ami chole gele,"[""satinath mukherjee""]",0,val
asleep in the light,"[""keith green""]",0,val
beltet,"[""lillebjørn nilsen""]",0,train
burns like a buzzsaw blade,"[""annihilator""]",0,test
con queste facce qui,"[""ligabue""]",0,test
dove sei?,"[""dirotta su cuba""]",0,train
doğan bin pişman,"[""orhan gencebay""]",0,train
ecco noi,"[""renato zero""]",0,val
el día que puedas,"[""emmanuel""]",0,val
evangelina,"[""jonathan edwards""]",0,test
falsas promesas,"[""sonido caracol""]",0,train
from little things big things grow,"[""paul kelly""]",0,train
fuma de humo y sana,"[""zona ganjah""]",0,train
give up,"[""low roar""]",0,test
göngum við í kringum,"[""gradualekór langholtskirkju""]",0,train
hawai 5-0,"[""loquillo""]",0,train
horizon,"[""bløf""]",0,train
ice man,"[""memphis minnie""]",0,train
juguetes perdidos,"[""patricio rey y sus redonditos de ricota""]",0,train
kald djevel,"[""dutty dior""]",0,val
kasalanan ko ba?,"[""toni gonzaga""]",0,train
keep it to yourself,"[""queen ifrica""]",0,train
la rubia y la morena,"[""los fatales""]",0,train
laembadgini,"[""diljit dosanjh""]",0,val
lajinsa viimeinen,"[""eppu normaali""]",0,train
lili marleen.,"[""marlene dietrich""]",0,train
mi cafetal,"[""hermanas lima""]",0,test
minha prece,"[""milionário & josé rico""]",0,test
monina,"[""mon rivera""]",0,test
naboen har party,"[""ingenting""]",0,test
nein,"[""nane""]",0,train
niña voladora,"[""juanito makandé""]",0,train
o xote das meninas,"[""alceu valença""]",0,train
popurri de quique,"[""paco barrón y sus norteños clan""]",0,train
pra sempre - ao vivo,"[""limão com mel""]",0,train
rano raniutko,"[""jerzy połomski""]",0,val
rayando el sol,"[""la rondalla de tijuana""]",0,train
saldré muy lentamente,"[""los de siempre""]",0,train
sandalar,"[""brunaliðið""]",0,test
te voy a dejar,"[""lolita""]",0,train
the nearness of you,"[""elisabeth welch""]",0,train
tie yuh,"[""mavado""]",0,test
tropical depression,"[""john g. mclane""]",0,train
tuolla se menee,"[""j. karjalainen yhtyeineen""]",0,train
una città per cantare,"[""ron""]",0,train
vie vain - rain rain rain,"[""kai hyttinen""]",0,train
a monteros,"[""el chango nieto""]",0,train
aai ghadi suhani,"[""noor jehan""]",0,test
acaua,"[""gal costa""]",0,val
always come back,"[""david grace & injustice""]",0,train
bangkit dan percaya,"[""superman is dead""]",0,train
brøndby strand,"[""red warszawa""]",0,val
bu nasıl veda,"[""i̇lyas yalçıntaş""]",0,train
dreamer,"[""theangelcy""]",0,val
four brothers,"[""the manhattan transfer""]",0,train
frag nur dein herz,"[""roy black""]",0,train
geheim agenten,"[""bassie & adriaan""]",0,train
geordie - extended,"[""gabry ponte""]",0,test
hamen dar lage,"[""husn bano""]",0,train
hapus aku,"[""nidji""]",0,test
hembra,"[""libido""]",0,val
héroe,"[""mariah carey""]",0,train
i love you because,"[""elvis presley""]",0,train
jade visions,"[""bill evans""]",0,train
klara klara,"[""þrjú á palli""]",0,test
lellelle -barbados-,"[""pirkka-pekka petelius""]",0,val
letter to mommy and daddy,"[""barbara lynn""]",0,train
mas fuerte que hercules,"[""la leyenda""]",0,train
me gusta la gente simple,"[""facundo cabral""]",0,val
mi niña,"[""los angeles negros""]",0,test
music is my desire - 2010 remastered version,"[""pablo moses""]",0,train
nós os foliões,"[""paulinho da viola""]",0,train
ocean drive,"[""lighthouse family""]",0,train
onde você está? - ao vivo,"[""bruno & marrone""]",0,val
overture,"[""arashi""]",0,train
pame parakato,"[""antonis remos""]",0,train
raketak,"[""tezkej pokondr""]",0,train
se não acordar amanhã,"[""piruka""]",0,test
shine on me,"[""lead belly""]",0,test
si ya te olvide,"[""luciana""]",0,test
siendo uno mismo,"[""manuel carrasco""]",0,test
sin problemas,"[""los llaneros de la frontera""]",0,test
sme svoji,"[""peter nagy""]",0,train
something about you - rocco deep mix,"[""lorayne""]",0,train
song of the islands,"[""bing crosby""]",0,test
sticky living,"[""b.b. blunder""]",0,train
tenho medo,"[""sorriso maroto""]",0,train
the ballad of thunder road,"[""tex williams""]",0,train
the pearls - 1995 remastered,"[""jelly roll morton & his red hot peppers""]",0,test
this time of the year,"[""brenda lee""]",0,train
thorn in my side,"[""the crash""]",0,test
tired of missing you,"[""isac elliot""]",0,test
tres deseos,"[""decai""]",0,test
verdict on judge street,"[""eddie palmieri""]",0,train
vinegar - original radio mix,"[""abreu""]",0,val
what i am,"[""edie brickell & new bohemians""]",0,train
